emp_no,first_name,last_name,gender,birth_date,hire_date
10008,Saniya,Kalloufi,M,1958-02-19,1994-09-15
10010,Duangkaew,Piveteau,F,1963-06-01,1989-08-24
10042,Magy,Stamatiou,F,1956-02-26,1993-03-21
10101,Perla,Heyers,F,1952-04-15,1992-12-28
10164,Jagoda,Braunmuhl,M,1956-01-19,1985-11-12
10200,Vidya,Awdeh,M,1961-12-31,1985-10-16
10221,Yucai,Granlund,M,1957-01-03,1988-06-08
10229,Ulises,Takanami,M,1952-02-10,1987-11-22
10237,Yannis,Mandell,F,1952-09-22,1989-08-11
10276,Xuejun,Hempstead,M,1964-07-27,1985-07-21
10303,Marlo,Zschoche,M,1961-09-11,1990-02-05
10307,Nikolaos,Leaver,M,1955-07-20,1991-04-10
10317,Arie,Birge,M,1957-12-25,1986-12-10
10354,Moto,Kusakari,M,1961-04-21,1996-03-26
10382,Shirish,Dredge,M,1955-06-12,1990-07-04
10405,Hilary,Budinsky,F,1957-01-20,1985-11-04
10412,Masoud,Fabrizio,F,1958-02-26,1986-05-06
10420,Kaijung,Riesenhuber,M,1963-03-03,1988-01-17
10440,Akeel,Narahara,F,1959-04-10,1994-03-31
10447,Ronghao,Yavatkar,F,1962-10-24,1988-12-29
10466,Jiakeng,Himler,M,1954-12-25,1985-09-29
10570,Alassane,Morrin,M,1958-10-30,1985-05-05
10575,Theirry,Yeung,M,1954-06-29,1988-10-04
10593,Falguni,Kenevan,M,1952-07-24,1990-09-12
10598,Margo,Gronowski,M,1957-11-10,1989-03-31
10637,Heejo,Frolund,M,1954-07-11,1993-07-11
10655,Remko,Dalton,F,1959-02-02,1985-07-14
10665,Qingxiang,Snyers,M,1964-07-28,1988-01-23
10722,Dung,Gornas,M,1960-10-03,1989-01-17
10727,Saeed,Kitai,F,1959-06-16,1991-01-08
10731,Fumitaka,Peak,M,1952-11-17,1987-02-20
10751,Jordanka,Ushiama,M,1952-12-02,1987-04-15
10756,Paddy,Brizzi,M,1958-06-24,1995-11-21
10817,Uri,Rullman,F,1958-10-02,1990-12-26
10825,Fan,Fairtlough,M,1958-03-27,1985-12-30
11012,Taegyun,Speckmann,F,1953-09-12,1986-12-28
11015,Jeanna,Riesenhuber,M,1965-01-24,1992-05-29
11025,Heekeun,Delgrange,M,1960-03-21,1989-11-06
11032,Erez,Schaaf,M,1953-04-19,1992-03-12
11138,Adel,Matteis,M,1956-11-12,1986-10-22
11152,Georgy,Walstra,F,1962-11-13,1988-02-18
11172,Kristian,Sudkamp,F,1963-06-25,1989-06-06
11206,Steen,Sury,M,1954-07-14,1993-05-07
11209,Xuejun,Penn,M,1964-06-25,1997-09-06
11277,Munehiro,Ritcey,M,1961-09-17,1990-01-18
11342,Xudong,Butner,M,1959-12-29,1998-02-03
11351,Kristina,Vasanthakumar,F,1957-01-01,1998-11-20
11372,Susanta,Vilarrasa,M,1953-09-04,1993-05-14
11450,Wanqing,Glinert,M,1964-04-12,1987-06-04
11481,Sven,Schrooten,M,1961-04-17,1986-11-03
11493,Shen,Sevcikova,M,1957-02-13,1995-07-22
11498,Shigenori,Rabehasaina,M,1957-07-21,1994-01-19
11521,Eldridge,Eastman,F,1952-06-14,1995-10-17
11605,Arno,Genther,M,1961-05-26,1987-05-22
11609,Sigeru,Marrakchi,M,1964-08-27,1991-08-03
11652,Jeanne,Beutelspacher,F,1964-10-20,1988-06-07
11686,Nadjib,Srimani,F,1952-11-14,1989-10-14
11710,Rajmohan,Hatcliff,F,1958-12-20,1986-09-05
11724,Falguni,Hammerschmidt,F,1960-06-06,1985-09-03
11744,Felicidad,Auria,F,1964-10-07,1989-08-23
11793,Barun,Harllee,M,1960-08-13,1996-06-06
11827,Gretta,Rando,M,1956-02-07,1991-09-09
11862,Alejandra,Deville,M,1954-01-25,1993-01-20
11873,Venkatesan,Reeken,F,1960-08-09,1998-11-14
11928,Mang,Wroclawski,M,1959-09-01,1992-06-24
11935,Aamer,Jayawardene,M,1963-03-23,1996-10-26
12059,Christfried,Kalefeld,F,1959-06-29,1991-05-23
12077,Steve,Hutton,F,1954-11-17,1994-01-30
12143,Zeljko,Denti,F,1956-04-25,1996-01-06
12152,Amalendu,Nyrup,M,1964-01-18,1992-06-13
12170,Moie,Nannarelli,M,1961-10-06,1989-06-19
12173,Adel,Nanard,M,1955-02-03,1986-06-24
12208,Bartek,Passino,F,1962-02-20,1985-11-20
12294,Arch,Heydon,M,1964-09-30,1991-12-14
12325,Alassane,Randt,M,1957-08-15,1988-12-06
12335,Arnould,Genin,F,1952-11-25,1988-04-26
12343,Sorina,Slaats,M,1952-10-18,1988-08-25
12358,Achilleas,Syrotiuk,M,1964-06-29,1992-04-04
12366,Patricio,Setlzner,F,1952-08-11,1994-07-16
12371,Paraskevi,Choobineh,M,1964-10-03,1985-03-16
12412,Chaitali,Peres,F,1964-06-05,1995-08-11
12419,Srinidhi,Markovitch,M,1959-10-12,1985-08-19
12420,Douadi,Rande,M,1957-11-26,1986-11-12
12438,Yongmao,Mondadori,M,1953-11-24,1990-12-19
12491,Cullen,Gruenwald,M,1958-09-02,1985-08-02
12498,Radhakrishnan,Socorro,M,1963-05-06,1985-03-29
12505,Barton,Goldhammer,M,1952-08-24,1991-04-20
12552,Mechthild,Zongker,M,1955-07-27,1989-11-21
12577,Takushi,Schrift,M,1964-05-09,1996-05-26
12653,Hitomi,Kaelbling,F,1960-09-23,1986-10-07
12678,Carrsten,Borovoy,M,1952-12-07,1987-06-03
12721,Sajjan,Szilard,M,1954-03-04,1994-08-20
12721,Sajjan,Szilard,M,1954-03-04,1994-08-20
12729,Nahla,Rahier,F,1954-05-18,1987-08-25
12739,Aral,Kading,F,1956-07-30,1988-12-15
12747,Salvador,Atrawala,F,1955-10-23,1994-05-23
12778,Percy,Krybus,M,1957-10-29,1992-06-18
12821,Arco,Gihr,F,1952-06-01,1995-11-02
12876,Apostol,Goodrum,M,1953-12-05,1985-09-13
12898,Lorien,Pelc,F,1959-03-05,1991-04-16
13001,Rosita,Wiegley,M,1957-06-29,1985-03-05
13062,Xinglin,Baak,M,1953-11-10,1986-11-25
13095,Khedija,Cochrane,M,1952-02-13,1990-08-11
13099,Luigi,Bardell,M,1964-01-09,1991-07-04
13142,Sanjiv,Kowalchuk,M,1956-06-01,1993-04-16
13160,Shigeo,Gomatam,F,1958-05-09,1994-05-12
13188,Takahiro,Tsukune,M,1959-01-26,1988-01-14
13201,Tomofumi,Ranta,M,1961-12-15,1993-05-15
13235,Taizo,Remmers,F,1955-03-09,1991-05-07
13261,Martial,Peternell,M,1952-07-19,1993-08-12
13277,Cristinel,Wendorf,M,1961-05-05,1994-05-13
13283,Unal,Liedekerke,F,1962-02-15,1986-10-19
13285,Uinam,Lienhardt,M,1963-03-06,1990-03-13
13344,Gor,Armand,M,1960-07-31,1998-04-20
13365,Adly,Mandell,M,1956-05-13,1991-02-24
13387,Froduald,Tzvieli,M,1964-10-16,1987-12-05
13452,Marke,Nations,M,1958-04-02,1985-11-15
13478,Kristine,Bratsberg,F,1958-11-09,1987-10-26
13496,Dipankar,Lortz,F,1963-08-18,1990-01-31
13553,Masato,Cusworth,M,1958-02-10,1988-01-10
13557,Kwangsub,Eickenmeyer,F,1963-05-14,1993-05-07
13613,Juichirou,Antonakopoulos,F,1956-08-28,1996-12-30
13659,Mario,Panienski,F,1958-05-23,1992-03-07
13678,Odoardo,Birdsall,M,1960-07-18,1988-02-02
13835,Mahendra,Welham,M,1963-09-28,1990-04-16
13902,Greger,Kilgore,M,1954-04-20,1993-07-04
13921,Lidong,Soicher,F,1958-01-30,1992-10-26
13930,Sukumar,Chartres,M,1952-04-28,1985-11-26
13994,Tesuro,Remmele,M,1953-01-29,1996-12-04
13996,Adib,Pews,F,1952-03-05,1993-04-25
13996,Adib,Pews,F,1952-03-05,1993-04-25
14022,Fun,Luca,M,1961-08-21,1990-11-11
14062,Khalid,Luon,M,1964-12-16,1987-10-17
14108,Shmuel,Khasidashvili,F,1957-08-16,1994-02-10
14109,Vesna,Haldar,M,1954-08-28,1999-01-08
14176,Seshu,Thiran,M,1964-05-28,1998-01-10
14183,Jaques,McFarlan,F,1960-08-01,1988-09-01
14197,Adin,Chachaty,F,1955-08-25,1987-01-21
14208,Macha,Feinberg,M,1957-11-15,1989-07-05
14250,Vitaly,DeMori,M,1956-07-07,1993-04-20
14257,Kwok,Massonet,F,1952-05-07,1988-06-17
14275,Tristan,Aseltine,F,1953-08-29,1987-04-16
14297,Honglan,Yeung,M,1963-08-22,1987-09-14
14333,Alois,Pettey,F,1957-06-27,1986-01-15
14341,Giri,Kumaresan,F,1957-06-26,1989-11-22
14378,Lokesh,Poehlman,M,1961-05-27,1994-10-05
14395,Berni,Brizzi,M,1952-03-28,1991-08-06
14412,Waiman,McConalogue,M,1956-02-07,1985-06-17
14446,Francoise,Rosen,M,1953-02-24,1991-01-08
14464,Christoper,Binding,M,1963-02-28,1994-12-30
14466,Fumiko,Rande,F,1957-08-29,1986-11-25
14576,Wayne,Pelc,M,1962-04-29,1998-02-14
14615,Dinkar,Mitchem,M,1961-07-15,1994-05-24
14673,Dinkar,Pusterhofer,M,1957-08-22,1993-12-10
14682,Jamaludin,Lalonde,M,1960-11-19,1988-11-10
14719,Willard,Luga,M,1960-05-06,1987-10-09
14740,Tonny,Welham,F,1962-05-08,1985-12-26
14742,Hairong,Renear,F,1959-01-13,1992-06-25
14774,Gio,Sigstam,M,1954-10-05,1988-03-27
14806,Jaroslava,Perry,F,1955-12-18,1996-08-28
14816,Lijia,Hebden,M,1956-09-17,1990-02-12
14822,Indrajit,Shigei,F,1964-09-22,1985-05-22
14828,Christfried,Kropf,M,1955-09-27,1992-02-04
14880,Conrado,Michaeli,M,1953-11-18,1992-09-30
14889,Subhash,Solovay,M,1955-05-15,1995-10-05
14890,Akeno,Gonthier,M,1956-07-01,1987-06-26
14901,Paloma,Basawa,M,1959-02-20,1999-02-05
14913,Karlis,Fujisaki,F,1960-06-11,1986-01-15
14916,Fumino,Narlikar,M,1957-05-25,1999-04-01
14937,Duke,Angot,M,1961-02-17,1994-09-22
14948,Arumugam,Lanzelotte,M,1958-10-03,1995-10-27
14977,Elrique,Foote,F,1961-01-25,1985-04-29
14979,Steen,Marletta,F,1961-03-28,1988-10-04
15024,Yurii,Rullman,M,1955-03-06,1985-04-13
15070,Mani,Delgrossi,F,1960-06-01,1994-11-10
15076,Makato,Shobatake,F,1958-06-25,1989-06-28
15093,Alain,Kornyak,F,1961-04-17,1991-08-16
15123,Xuejia,Menhoudj,F,1953-08-01,1991-12-15
15151,Urs,Pouyioutas,F,1953-11-13,1987-07-24
15177,Kousuke,Luiz,M,1956-07-14,1989-04-29
15187,Gill,Heusch,M,1953-02-07,1997-04-25
15199,Heeju,Bernardinello,F,1953-08-11,1986-10-06
15200,Danco,Brickell,F,1953-11-04,1998-01-29
15212,Khosrow,Haldar,M,1964-08-12,1995-07-08
15221,Alselm,Kroha,M,1962-11-22,1993-10-16
15226,Navin,Levergood,F,1961-01-19,1988-04-13
15242,Kasturi,Strehl,M,1956-02-09,1988-02-04
15262,Premsyl,Wursthorn,M,1957-09-15,1987-09-24
15293,Pantung,Puppo,M,1964-04-29,1987-11-27
15317,Lubomir,Ratnaker,M,1959-04-18,1987-06-19
15333,Djelloul,Matzel,M,1958-05-09,1992-07-19
15338,Caolyn,Wilfing,F,1959-01-19,1986-06-24
15388,Heekeun,Spelt,M,1953-10-01,1994-11-12
15401,Limsoon,Denis,F,1964-05-31,1994-07-07
15421,Yaghout,Papadias,F,1959-06-20,1995-04-10
15439,Shuzo,Gide,M,1952-11-24,1998-05-04
15439,Shuzo,Gide,M,1952-11-24,1998-05-04
15445,Sachem,Auyong,M,1953-04-24,1996-12-30
15450,Ugo,Salverda,M,1958-08-27,1999-06-14
15463,Make,Gunderson,M,1953-04-24,1996-04-21
15471,Olivera,Krybus,M,1958-02-13,1986-07-03
15499,Tetsushi,Simkin,F,1958-08-17,1990-04-24
15527,Ronghao,Falck,F,1962-02-21,1994-07-12
15527,Ronghao,Falck,F,1962-02-21,1994-07-12
15596,Bedir,Baba,M,1961-11-22,1999-01-09
15623,Vishu,Falby,M,1955-04-03,1985-09-23
15631,Rafols,Petereit,M,1959-02-05,1989-06-03
15640,Heejo,Luce,M,1961-04-22,1990-10-16
15652,Tokuyasu,Sundgren,F,1960-04-25,1985-11-27
15653,Kiam,Nannarelli,M,1953-11-08,1996-08-07
15675,Mountaz,Chinen,M,1954-04-11,1996-12-04
15694,Leucio,Ibel,F,1963-02-10,1992-01-28
15698,Udo,Michaels,F,1959-07-16,1991-08-25
15747,Remmert,Waleschkowski,M,1955-01-14,1990-11-06
15801,Munir,Slaats,M,1960-10-02,1988-08-08
15828,Tiina,Schaap,F,1962-10-18,1990-08-22
15842,Miyeon,Weedon,F,1952-03-22,1991-03-16
15885,Perla,Delgrossi,M,1955-09-19,1989-12-17
15943,Yakkov,Demke,M,1953-12-31,1986-10-18
16139,Susanne,Thorelli,F,1962-06-27,1996-03-14
16142,Berry,Porenta,M,1954-04-21,1996-11-19
16200,Eldridge,Aloia,M,1962-12-28,1996-08-22
16280,Henk,Peot,M,1952-07-29,1992-01-22
16298,Anneke,Asrin,F,1964-08-11,1990-02-07
16330,Dannz,Erman,M,1958-06-29,1987-09-11
16331,Giap,Garnham,M,1953-03-30,1985-12-25
16340,Tristan,Riesenhuber,M,1957-03-26,1995-12-15
16381,Phuoc,Naumovich,M,1954-09-25,1996-01-13
16396,Guangming,Yoshimura,M,1953-10-16,1987-09-14
16399,Apostol,Collette,F,1954-06-04,1988-07-12
16402,Salvador,Spell,M,1964-07-19,1989-07-27
16410,Eberhardt,Biron,F,1956-01-29,1997-01-24
16428,Arun,Chinin,F,1964-09-05,1990-04-25
16447,Zhiguo,Savasere,F,1952-02-03,1987-04-28
16492,Genki,Lamparter,M,1959-08-27,1987-12-31
16500,Elvis,Servieres,M,1953-02-02,1985-07-15
16502,Brigham,Honiden,M,1962-12-13,1987-08-14
16509,Girolamo,Bain,F,1956-02-04,1989-03-05
16547,Qunsheng,Ladret,F,1956-04-11,1985-03-13
16561,Zorica,Swan,F,1960-04-01,1988-11-23
16569,Henk,Cyre,M,1955-12-26,1994-12-24
16572,Matt,Aamodt,M,1956-11-26,1987-06-16
16594,Kazuhira,Azulay,M,1960-07-05,1994-11-02
16596,Valeri,Wrigley,M,1962-01-23,1994-04-10
16637,Mana,Mattern,F,1964-02-19,1990-06-13
16662,Poorav,Hatcliff,M,1955-09-07,1995-05-26
16684,Jaroslava,Swiler,F,1963-07-18,1986-04-30
16728,Hongzue,Vitiello,M,1957-10-06,1989-07-06
16786,Irene,Candan,M,1955-11-23,1994-03-03
16874,Arunas,Asmuth,F,1963-03-24,1986-09-28
16893,Tomoyuki,Dratva,M,1962-01-11,1986-11-18
16905,Aleksandar,Christianini,M,1960-01-02,1993-08-03
16906,Junichi,Halloran,M,1957-06-19,1991-02-15
16929,Murthy,Burnard,F,1954-03-02,1987-05-19
16962,Sastry,Kaiser,F,1955-01-17,1991-01-15
16996,Shigenori,Millington,F,1952-04-10,1988-12-15
17015,Piyush,Suessmith,M,1958-06-04,1995-06-27
17040,Kazuhisa,Bhattacharjee,M,1954-04-04,1989-08-10
17052,Lucian,Asser,F,1957-11-04,1986-10-14
17065,Bader,Spelt,M,1956-11-27,1993-07-16
17167,Satyanarayana,Trachtenberg,F,1958-09-23,1988-03-06
17175,Tokuyasu,Kroft,M,1964-12-18,1994-01-21
17247,Lunjin,Muntz,M,1956-10-03,1987-03-05
17250,Tianruo,Molenkamp,F,1962-08-07,1985-10-28
17257,Morris,Peng,F,1960-12-30,1991-06-17
17334,Ayonca,Luby,M,1952-11-27,1990-12-25
17351,Zhigen,Boissier,M,1961-12-25,1990-08-18
17358,Masami,Plotkin,F,1964-09-19,1995-12-13
17362,Ibibia,Plavsic,M,1956-06-14,1989-03-17
17369,Yaghout,Kenevan,M,1965-01-31,1991-02-09
17380,Giao,Lamma,M,1961-09-02,1986-07-05
17439,Aemilian,Basagni,F,1953-09-26,1991-09-11
17446,Phule,Kroon,M,1957-03-20,1988-02-11
17456,Peer,Taneja,F,1962-01-02,1988-02-16
17512,Frederique,Hofmeyr,F,1953-09-24,1986-06-05
17521,Vitaly,Etalle,M,1960-04-22,1992-04-02
17533,Xuejia,Perin,M,1964-11-25,1993-02-08
17540,Toshimori,Chiodo,M,1958-08-09,1996-05-19
17546,Claudi,Naudin,M,1960-08-17,1989-08-13
17551,Mark,Foote,F,1954-02-21,1998-10-04
17553,Toshimitsu,Bamford,F,1962-12-02,1987-02-08
17565,Mihalis,Petersohn,F,1958-05-21,1995-08-02
17601,Christfried,Dredge,M,1960-02-05,1997-01-04
17603,Shin,Ulupinar,M,1952-05-01,1990-08-11
17625,Prodip,Mandelberg,F,1955-10-31,1987-12-28
17640,Sakthirel,Zastre,F,1964-11-24,1986-08-07
17653,Qingxiang,Erva,M,1960-10-22,1994-03-20
17675,Sajjan,Keirsey,F,1954-08-14,1993-03-13
17681,Eran,Schauser,M,1952-11-12,1985-09-25
17683,Bernt,Henders,F,1954-06-04,1987-02-25
17760,Marjo,Krichel,F,1959-09-12,1986-08-04
17801,Taegyun,Alvarado,F,1955-09-09,1989-07-07
17804,Henk,Demian,F,1961-02-27,1988-06-15
17813,Gita,Suppi,F,1953-07-17,1992-12-08
17820,Florina,Biran,M,1964-12-09,1989-06-14
17875,Zhenhua,Turnbull,M,1960-05-20,1997-03-07
17981,Cordelia,Rande,F,1954-05-25,1997-04-30
18015,Zhaofang,Munck,M,1960-07-16,1991-10-29
18086,Brewster,Szmurlo,M,1953-10-10,1988-08-11
18100,Danai,Brlek,F,1960-04-10,1985-04-27
18129,Taizo,Streng,F,1956-12-06,1988-06-06
18138,Moni,Baezner,M,1954-06-19,1985-08-05
18148,Annemarie,Remmele,F,1956-12-25,1997-11-30
18202,Changho,Bain,M,1955-08-20,1990-01-04
18206,Werner,Yamaashi,M,1963-11-07,1992-02-20
18301,Martins,Hartvigsen,F,1958-11-29,1988-05-28
18314,Arunas,Erol,M,1956-10-15,1991-08-24
18314,Arunas,Erol,M,1956-10-15,1991-08-24
18332,Nidapan,Cichocki,M,1962-01-31,1997-11-19
18379,Xuedong,Bail,M,1954-06-19,1991-03-09
18403,Vidya,Morrow,F,1952-07-05,1985-11-18
18418,Cheong,Vickson,F,1952-09-25,1992-02-14
18444,Gopalakrishnan,Schiettecatte,F,1960-08-19,1985-03-12
18451,Neven,Ecklund,M,1956-08-30,1993-01-20
18508,Xiping,Swift,F,1962-01-09,1988-07-04
18543,Bernice,Rosin,F,1958-03-03,1993-12-28
18590,Vasiliy,Laurillard,F,1963-09-24,1985-08-04
18605,Jeong,Rodier,M,1954-11-23,1990-05-21
18653,Barun,Orlowski,F,1958-04-10,1985-06-06
18733,Keiichiro,Zaumen,F,1961-12-16,1989-02-02
18759,Keung,Malabarba,M,1954-11-17,1989-06-26
18762,Bedrich,Staelin,M,1954-09-07,1994-12-19
18813,Jeane,Heystek,M,1961-01-28,1989-09-12
18823,Arie,Bojadziev,M,1953-07-26,1996-08-25
18832,Pasqua,DiGiano,M,1953-12-30,1986-06-04
18836,Chaitali,Heemskerk,M,1957-05-26,1994-09-16
18866,Fumiyo,Hettesheimer,M,1954-03-10,1988-12-27
18876,Youssef,Pepe,F,1961-05-20,1993-09-30
18877,Marsha,Luca,F,1963-10-14,1987-08-05
18920,Sergi,Demizu,M,1957-03-05,1988-02-06
18939,Nathalie,Linares,M,1956-09-12,1996-07-24
18941,Billie,Gire,M,1961-02-10,1985-09-25
19045,Gio,Zaccaria,F,1964-05-19,1992-03-27
19149,Huican,Krogh,F,1962-06-02,1987-09-14
19157,Percy,Milicic,M,1953-05-16,1989-08-03
19194,Uta,Pramanik,M,1954-03-22,1985-11-19
19196,Leucio,Sury,M,1956-08-10,1988-09-03
19217,Rasikan,Raoux,M,1962-07-19,1987-03-25
19249,Saniya,Iivonen,M,1953-08-26,1988-03-27
19272,Kauko,Rusterholz,F,1956-04-19,1992-05-21
19276,Stamatina,Docker,M,1963-02-10,1996-01-01
19280,Kwangjo,dAstous,F,1959-01-22,1989-02-16
19300,Khalil,Keustermans,M,1956-03-18,1985-08-03
19356,Masato,Prenel,F,1953-07-01,1985-12-29
19370,Arto,Bratten,M,1959-10-29,1992-01-23
19423,Yongmao,Remmers,F,1957-02-25,1998-06-14
19445,Xinglin,Gecsel,M,1952-07-29,1987-03-31
19447,Susanna,Muniz,M,1960-12-07,1988-02-19
19495,Frederique,Naudin,F,1959-09-28,1988-03-29
19537,Shem,Uludag,F,1963-07-25,1989-06-10
19539,Premsyl,Ramsak,M,1962-04-30,1993-03-07
19578,Gen,Gomatam,M,1958-08-09,1992-02-13
19627,Mountaz,Erdi,F,1954-12-16,1994-07-26
19640,Tonny,Francisci,M,1953-04-01,1988-08-22
19668,Goa,Kolinko,M,1952-05-04,1992-10-28
19706,Phillip,Sichman,F,1953-05-13,1996-05-05
19713,Miyeon,Serot,M,1952-09-07,1990-10-30
19725,Yurij,Matzke,F,1952-03-30,1992-07-08
19823,Wuxu,Liedekerke,F,1963-11-12,1986-02-01
19827,Chriss,Bojadziev,F,1963-02-02,1992-11-10
19908,Theron,Koshino,M,1956-10-10,1998-08-22
19920,Toshimo,Ranum,M,1958-07-04,1991-02-14
19945,Kish,Akiyama,M,1958-08-23,1994-02-16
19995,Ziyad,Schueller,F,1962-12-31,1990-08-25
20036,Jaber,Katiyar,M,1963-01-19,1986-08-14
20036,Jaber,Katiyar,M,1963-01-19,1986-08-14
20038,Tremaine,Gente,M,1962-04-02,1992-08-31
20054,Gurbir,Bail,M,1958-01-06,1986-05-14
20138,Otilia,Willoner,M,1962-12-29,1991-08-03
20164,Katsuyuki,Coney,M,1952-02-13,1997-04-16
20203,Huai,Marzano,F,1959-03-03,1989-07-05
20219,Toshimitsu,Laurillard,F,1956-10-20,1991-05-20
20239,Tua,Heystek,M,1954-10-08,1994-10-13
20247,Fatemeh,Montresor,F,1963-04-10,1985-03-01
20277,Sasan,Heiserman,M,1956-04-30,1991-09-28
20293,Uta,Journel,F,1961-01-27,1986-01-11
20338,Reinhard,Butner,F,1953-06-12,1988-07-14
20348,Narain,Bressoud,M,1953-03-07,1994-05-08
20406,Keiichiro,Heydon,F,1959-09-04,1996-06-14
20440,Genki,Fabrizio,M,1952-02-10,1988-11-20
20443,Mong,Pargaonkar,F,1959-03-31,1989-12-08
20472,Jiann,Murtagh,F,1957-10-10,1985-03-31
20481,Marsja,Pokrovskii,F,1961-09-17,1990-10-02
20522,Tsutomu,Ranum,M,1959-01-18,1997-03-12
20536,Alselm,Vitiello,F,1958-04-10,1987-04-28
20538,Gro,Hebert,M,1953-11-24,1988-01-08
20581,Marl,Baez,F,1963-10-23,1989-03-20
20593,Bezalel,Gils,F,1964-02-28,1991-06-01
20594,Zhongwei,Bazelow,M,1959-07-08,1993-04-06
20648,Menkae,Noriega,M,1956-11-15,1985-11-09
20662,Panayotis,Lung,F,1952-02-09,1993-07-09
20685,Bingning,Rissanen,M,1957-03-21,1989-10-23
20721,Tru,Iisaku,F,1952-05-08,1991-08-27
20804,Toshimori,Lunn,M,1954-03-09,1994-12-26
20823,Sham,Impagliazzo,F,1963-11-04,1993-02-12
20963,Xiping,Fortenbacher,M,1959-07-20,1992-05-15
20993,Atreyi,Rabejac,F,1961-12-25,1988-10-07
21005,Stepehn,Demizu,F,1963-11-05,1992-03-03
21123,Aral,Lienhardt,M,1960-03-30,1992-07-15
21155,Yifei,Benveniste,M,1964-03-05,1996-03-06
21162,Youjian,Nivat,M,1953-06-29,1994-02-11
21191,Jacopo,Rusterholz,M,1964-01-06,1986-07-20
21225,Mana,Horswill,M,1963-02-19,1988-11-22
21237,Padma,Matzen,M,1959-05-27,1989-01-16
21237,Padma,Matzen,M,1959-05-27,1989-01-16
21269,Sanjay,Olivero,M,1956-05-31,1999-06-11
21278,Katsuo,Botman,F,1964-07-16,1992-09-05
21324,Subhankar,Toyoshima,M,1962-06-01,1985-02-10
21360,Hironoby,Nyrup,F,1952-12-24,1991-08-13
21376,Jingling,Cools,M,1955-09-21,1993-10-13
21381,Ingemar,Cooke,F,1961-08-26,1994-05-30
21382,Shuji,Asrin,F,1964-10-27,1988-12-26
21384,Fumiya,Suermann,M,1960-08-11,1987-09-27
21411,Fox,Pouyioutas,M,1962-07-24,1996-12-23
21482,Weidon,Journel,F,1963-07-16,1992-05-05
21504,Yuqun,Rossi,F,1962-02-19,1990-04-24
21508,Theirry,Poupard,F,1963-02-27,1988-08-18
21517,Etsuo,Jervis,M,1957-02-04,1993-03-23
21529,Bojan,Zallocco,M,1959-05-19,1986-10-14
21549,Cordelia,Magliocco,F,1954-01-05,1997-06-17
21555,Uinam,Biron,F,1953-06-28,1986-08-19
21560,Kyoichi,Dechter,M,1953-09-28,1985-11-19
21597,Masami,Pezzoli,F,1954-10-26,1988-07-03
21715,Shawna,Skrikant,M,1952-05-13,1988-10-03
21725,Hyuncheol,Calkin,M,1954-02-23,1985-04-19
21814,Leucio,Awdeh,M,1958-10-14,1987-03-14
21837,Heejo,Sabnani,F,1959-07-07,1995-10-07
21842,Ulises,Christianini,F,1961-09-27,1994-09-29
21892,Stevo,Bratsberg,F,1958-02-24,1986-11-24
22014,Stamatina,Prampolini,F,1959-09-03,1988-05-16
22040,Moriyoshi,Luef,M,1962-02-25,1995-06-08
22049,Ugo,Klerer,M,1961-08-19,1991-11-27
22107,Koldo,Atrawala,M,1958-09-14,1995-05-20
22137,Doohun,Gomatam,M,1955-09-02,1996-02-06
22227,Uri,Castellani,M,1964-02-27,1994-02-22
22243,Hidefumi,Neiman,M,1956-06-06,1990-03-17
22252,Patricio,Karner,F,1963-10-31,1994-07-22
22285,Dharmaraja,Talmon,M,1958-07-02,1989-08-29
22289,Chenye,Verhaegen,F,1956-05-09,1990-02-28
22310,Sahrah,Sinitsyn,M,1952-10-09,1988-09-30
22319,Syozo,Biron,M,1958-11-22,1986-09-06
22346,Jingling,Kragelund,M,1958-04-08,1996-10-26
22385,Wuxu,Paludetto,M,1952-07-11,1992-08-29
22414,Khaled,Stentiford,F,1952-11-14,1996-04-16
22453,Ottavia,Pauthner,M,1953-09-28,1995-12-16
22466,Stamatina,Menhardt,F,1955-04-10,1992-08-10
22505,Moriyoshi,Koblitz,F,1957-06-13,1990-10-29
22535,Alejandra,Chachaty,M,1952-12-12,1985-12-15
22544,Shawna,Rousseau,M,1957-09-11,1992-12-16
22579,Toshiki,Rabehasaina,F,1956-10-06,1988-06-03
22619,Munenori,Lorch,M,1953-12-21,1991-03-16
22642,Houman,Leonhardt,F,1959-09-13,1987-10-04
22661,Faiza,Curless,M,1958-11-05,1995-03-15
22690,Kristinn,Erol,F,1958-04-05,1998-06-24
22706,Paris,Lung,M,1961-09-19,1989-04-01
22737,Willard,Szemeredi,M,1959-05-23,1986-08-11
22740,Koichi,Gelosh,F,1955-06-26,1988-10-24
22830,Hilary,Buchter,M,1960-07-30,1995-05-07
22868,Jinxi,Roisin,F,1955-04-04,1994-02-17
22886,Gudjon,Templeman,F,1955-01-02,1988-11-15
22899,Shahar,Vandervoorde,F,1956-10-06,1989-03-07
22965,Sariel,Dulin,M,1956-11-20,1989-04-12
23064,Srinidhi,Sadowski,F,1956-02-11,1991-06-20
23073,Heng,Giveon,M,1955-11-18,1990-06-22
23079,Josyula,Mahmud,M,1958-08-28,1990-06-10
23146,Collette,Chvatal,M,1962-10-27,1988-03-28
23174,Brewster,Frolund,M,1957-06-14,1987-11-15
23184,Barry,Zielinski,F,1955-02-16,1993-03-11
23221,Khosrow,Wielonsky,M,1954-02-11,1989-01-16
23232,Sajjad,Sambasivam,M,1958-11-03,1993-12-25
23257,Luigi,Halloran,F,1955-03-14,1986-11-07
23270,Aloke,Swan,M,1957-12-04,1989-04-10
23317,Huican,Worfolk,F,1952-06-25,1988-06-14
23333,Becky,Nicolson,M,1953-03-30,1993-09-17
23346,Rasiah,Lichtman,F,1961-03-24,1995-11-13
23353,Genevieve,Krone,M,1961-12-10,1993-07-30
23390,Isamu,Baalen,M,1960-12-07,1985-12-14
23431,Ingemar,Karunanithi,M,1958-07-17,1989-12-08
23440,Sadun,Hanratty,M,1964-09-28,1992-01-03
23531,Fumiya,Nastansky,M,1958-02-11,1989-09-18
23576,Sumant,Rajcani,M,1960-03-21,1994-01-17
23580,Chikara,Chelton,M,1958-02-06,1995-07-10
23592,Marek,Templeman,M,1955-03-01,1985-12-31
23609,Domenico,Swiss,F,1955-10-12,1990-11-13
23646,Gio,Klassen,M,1962-01-18,1988-12-30
23647,Mads,Bellone,F,1956-02-21,1998-01-10
23669,Vishwani,Kaminger,M,1963-08-23,1986-01-10
23687,Monique,Stellhorn,F,1960-07-08,1986-10-08
23748,Kien,Cesareni,F,1960-03-05,1988-08-21
23774,Behnaam,Versino,M,1964-09-18,1993-09-11
23803,Marsja,Brobst,M,1963-04-21,1990-02-23
23804,Uriel,Hutter,M,1963-03-26,1996-06-24
23912,Kellyn,Waschkowski,F,1962-05-30,1993-08-19
23923,Kiyotoshi,Frolund,M,1964-05-16,1990-04-27
23925,Serif,Segond,M,1962-06-24,1985-03-12
23958,Alejandro,Peng,M,1963-09-28,1992-11-10
23975,Mohammed,Passafiume,F,1960-07-03,1991-02-09
23984,Jeanna,Winter,M,1960-03-27,1993-11-27
24008,Jolita,Pelc,M,1957-08-31,1993-02-02
24057,Gal,Fasbender,M,1962-05-18,1990-11-11
24062,Satosi,Butner,M,1955-06-28,1985-03-15
24094,Domenico,Bael,M,1955-03-18,1989-02-17
24151,Xiahua,Uhrik,M,1964-10-05,1988-02-08
24168,Takahiro,Krupka,M,1958-02-04,1993-02-24
24208,Barna,Yavatkar,M,1960-06-03,1989-05-17
24226,Maik,Schauser,M,1959-06-04,1988-06-30
24238,Berto,Marakhovsky,M,1959-03-22,1994-08-17
24270,Elgin,Lagarias,M,1964-05-15,1986-11-30
24276,Shem,Biran,M,1960-09-21,1988-09-20
24346,Khoa,Reinhard,F,1954-04-08,1991-07-08
24369,Yannis,Kugler,F,1952-02-04,1993-11-07
24421,Dannz,Grospietsch,M,1965-01-10,1990-09-01
24430,Conal,Kolinko,M,1963-01-27,1988-03-29
24442,Arunas,Cesareni,F,1955-11-29,1993-05-09
24446,Adamantios,Camarinopoulos,F,1953-09-27,1987-04-04
24449,Marsja,Servi,M,1961-03-20,1994-03-06
24469,Baoqiu,Landherr,M,1963-08-03,1992-10-12
24505,Jenwei,Cannata,F,1958-09-18,1992-06-29
24511,Hirochika,Radhakrishnan,F,1959-04-25,1988-09-18
24512,Evgueni,Angot,F,1960-10-31,1998-12-19
24533,Shigenori,Erman,M,1953-11-21,1986-12-06
24629,Keiichiro,Pelz,M,1953-08-20,1998-10-19
24658,Vasiliy,Rattan,M,1963-03-11,1985-06-16
24661,Michaela,Chleq,M,1954-11-03,1994-12-28
24700,Przemyslawa,Guenter,M,1956-02-12,1994-03-17
24713,Zhilian,Merey,M,1952-05-22,1986-12-04
24721,Bernt,Ranze,M,1956-11-25,1994-06-28
24726,Rance,Blokdijk,M,1957-05-09,1991-05-26
24803,Kyoichi,Ranta,M,1957-06-20,1993-07-24
24814,Seshu,Molenkamp,M,1956-09-05,1994-11-26
24837,Gopalakrishnan,Percebois,M,1957-06-19,1992-02-14
24854,Sushant,Neiman,F,1952-09-04,1986-11-17
24856,Alagu,Kirkerud,M,1954-08-29,1996-12-09
24900,Zeljko,Vidya,M,1955-02-15,1985-11-04
24948,Khalil,Cooke,M,1957-05-06,1986-09-29
24972,Anneli,Naumovich,M,1954-02-21,1993-01-03
25017,Chaosheng,Gladwell,M,1954-05-04,1989-09-19
25021,Matk,Aamodt,M,1957-08-12,1989-11-08
25028,Rosalyn,Morton,F,1959-12-15,1991-09-12
25047,Vatsa,Eldridge,M,1964-10-03,1990-12-10
25075,Lucian,Clemencon,M,1959-05-29,1990-04-28
25110,Sushant,Peek,F,1956-03-14,1994-10-10
25159,Bedir,Jervis,F,1963-11-02,1989-12-29
25184,Roselyn,Gente,M,1957-07-16,1993-07-22
25192,Sushant,Welham,M,1959-10-17,1985-08-31
25207,Basil,Broder,M,1952-12-25,1994-04-23
25223,Youjian,Schaad,F,1961-07-22,1988-09-05
25249,Xiaocheng,Kitsuregawa,M,1957-01-22,1988-01-30
25268,Zeydy,Oaver,F,1961-05-30,1996-11-17
25305,Kish,Braunmuhl,M,1952-02-17,1990-04-01
25314,Hidekazu,Luit,M,1954-09-27,1996-08-27
25325,Kwangyoen,Dengi,F,1957-11-28,1988-08-26
25351,Shimshon,Baca,M,1953-07-30,1986-11-22
25374,Guttorm,Henders,F,1957-09-08,1996-06-26
25391,Hatsukazu,Billawala,M,1953-05-01,1985-07-22
25399,Niclas,Servieres,F,1961-07-11,1994-09-21
25427,Shaunak,Sooriamurthi,M,1964-09-23,1992-12-08
25439,Srinidhi,Ghazalie,M,1956-01-06,1987-02-20
25513,Rimon,Ginesta,M,1958-10-12,1992-09-27
25522,Mohammad,Daescu,F,1954-12-23,1990-12-19
25545,Lihong,Chorvat,F,1955-11-08,1991-10-06
25598,Masoud,Pappas,F,1953-10-31,1999-01-25
25643,Adin,Peak,F,1952-11-12,1988-09-04
25653,Visit,Schaaf,M,1959-04-19,1995-04-18
25672,Falguni,Slutz,F,1959-10-06,1986-05-20
25763,Insup,Highland,M,1962-11-20,1993-05-16
25806,Olivera,Rabehasaina,F,1952-04-07,1991-03-27
25849,Nidapan,Bresenham,M,1956-06-09,1988-12-22
25869,Weiyi,Androutsos,M,1960-03-23,1989-07-31
25870,Xiahua,Taubman,F,1959-08-06,1989-10-12
25889,Nirmal,Bail,F,1961-11-20,1997-12-14
25917,Golgen,Docker,F,1955-06-18,1993-03-05
25919,Persi,Kulisch,M,1956-08-17,1997-12-27
25986,Yucel,Kranzdorf,M,1960-05-08,1985-08-13
26000,Fuqing,Veeraraghavan,F,1956-09-28,1997-08-01
26007,Van,Pettis,F,1958-03-18,1990-02-24
26017,Filipe,Pauthner,F,1952-10-12,1997-04-01
26048,Zhonghui,Manders,M,1964-09-25,1991-06-16
26066,Brigham,Eiter,M,1954-01-12,1989-09-23
26165,Heather,Rohrbach,F,1962-09-10,1988-03-23
26186,Lalit,Litecky,F,1957-11-08,1986-11-20
26193,Oguz,Zykh,M,1958-04-07,1987-08-18
26209,Luerbio,Gadepally,M,1964-08-21,1985-02-03
26211,Ingemar,Zockler,F,1959-07-18,1993-04-02
26224,Shrikanth,Minakawa,F,1959-12-20,1995-01-17
26234,Alassane,Bodoff,M,1959-08-31,1996-08-25
26247,Mayuko,Serre,F,1961-09-05,1991-10-08
26283,Abdulla,Feldmann,M,1955-03-04,1988-12-05
26304,Ottavia,Schnelling,M,1958-02-23,1987-09-20
26367,JoAnne,Matzen,M,1954-12-06,1988-03-30
26382,Aloke,Zuberek,F,1958-05-26,1992-03-15
26383,Stein,Vrecion,M,1959-11-24,1987-08-05
26401,Conal,Rodham,M,1957-06-13,1993-06-19
26401,Conal,Rodham,M,1957-06-13,1993-06-19
26495,Pradeep,Gimarc,M,1958-12-16,1991-08-31
26497,Hitofumi,Eppinger,M,1963-01-24,1990-01-03
26502,Bader,Maccarone,M,1952-11-23,1991-09-16
26525,Siamak,Morris,M,1959-09-05,1999-03-01
26534,Barun,Radhakrishnan,F,1959-04-01,1986-01-21
26587,Arto,Koshino,M,1960-09-02,1997-08-04
26630,Aria,Kowalchuk,M,1954-03-06,1993-01-03
26632,Berna,Vernadat,M,1963-09-17,1989-12-13
26649,Debaprosad,Parhami,M,1962-12-27,1990-08-07
26655,Suzette,Benaini,M,1956-04-15,1986-12-04
26659,Luigi,Duclos,M,1960-05-20,1998-12-02
26744,Amstein,Rosiles,M,1961-06-04,1992-04-08
26772,Nigel,Luft,F,1962-11-26,1988-08-09
26820,Jahangir,Randi,M,1959-08-23,1992-09-01
26943,Yishai,Rosin,M,1960-07-17,1994-01-05
26957,Atreyi,Baca,M,1953-05-01,1988-01-07
26970,Qiwen,Grospietsch,M,1957-07-16,1990-06-29
26978,Kwee,Nitto,M,1962-09-03,1995-03-22
26992,Sigeru,Henseler,M,1959-10-17,1991-04-18
27036,Mansur,Krzyzanowski,M,1963-10-19,1992-09-25
27133,Lenore,Bondorf,M,1963-08-07,1997-06-13
27221,Syozo,Rosar,F,1955-02-12,1986-08-26
27229,Przemyslawa,Lundstrom,M,1957-03-06,1988-11-16
27238,Jiakeng,Feinberg,F,1954-06-30,1993-05-29
27251,IEEE,Hennebert,F,1964-11-16,1987-08-27
27266,Karsten,Fraisse,F,1961-01-16,1991-04-01
27301,Bowen,Casperson,M,1955-01-12,1991-05-11
27308,Uma,Ozeri,F,1955-02-19,1991-05-03
27308,Uma,Ozeri,F,1955-02-19,1991-05-03
27410,Dulce,Pauthner,M,1955-04-22,1995-11-02
27491,Yefim,Comyn,M,1953-05-12,1992-07-10
27517,Lihong,Iacovou,F,1963-03-22,1985-04-06
27518,Noritoshi,Ramsay,M,1960-06-29,1988-01-11
27556,Wilmer,Minakawa,F,1960-03-01,1988-08-03
27569,Nalini,Bierman,F,1958-01-13,1985-12-20
27588,Takahira,Anger,F,1955-07-28,1989-12-13
27785,Feipei,Mukaidono,M,1952-05-08,1997-08-22
27811,Edwin,Broder,F,1956-01-11,1993-06-05
27868,Weiye,Kuzuoka,F,1959-02-22,1985-05-30
27936,Vugranam,Cincotta,M,1959-11-23,1990-11-21
27968,Harngdar,England,M,1953-05-19,1986-07-13
27970,KayLiang,Miyakawa,F,1965-01-12,1988-05-22
28039,Vishv,Khasidashvili,F,1957-03-09,1991-04-20
28062,Ramalingam,Vidal,M,1964-08-17,1988-04-14
28101,Minghong,Marsiglia,M,1954-11-11,1993-06-21
28148,Muzhong,Fontan,F,1960-12-10,1988-02-06
28174,Heather,Rajala,F,1957-03-07,1988-10-23
28223,Hongzhu,Falster,M,1958-12-19,1988-07-03
28229,Yolla,Zykh,M,1960-08-04,1991-01-12
28241,Yuguang,Baik,M,1959-01-04,1988-01-28
28290,Hyuncheol,Ashish,F,1960-12-31,1985-09-01
28293,Dipankar,Ladret,F,1963-04-11,1993-05-11
28325,Iara,Baar,M,1954-11-02,1988-04-05
28328,Patricio,Lund,F,1964-02-12,1986-09-02
28387,Nahla,Aamodt,F,1959-11-29,1997-02-15
28413,Nadjib,Brodie,M,1954-03-22,1987-10-04
28455,Isaac,Anguita,M,1952-02-20,1999-06-14
28459,Armond,Berztiss,M,1957-02-25,1991-12-30
28474,Mabo,Arlazarov,M,1952-08-28,1988-09-13
28492,Heather,Srimani,F,1959-01-14,1989-04-28
28494,Luerbio,Ratzlaff,M,1954-07-20,1989-12-01
28500,Fumiko,Zwicker,M,1954-04-28,1999-11-23
28531,Geoffry,Milicic,F,1963-05-24,1998-05-20
28575,Jayson,Yurov,M,1954-11-10,1989-12-04
28592,Tzu,Zeleznik,F,1958-03-20,1997-10-01
28639,Gregory,Jayawardene,M,1964-05-22,1986-07-03
28650,Danai,VanScheik,M,1959-07-31,1992-06-28
28730,Constantine,Lampe,M,1961-12-06,1985-02-17
28805,Zhaofang,Siegrist,F,1959-12-31,1989-07-02
28807,Changho,Bhattacharjee,M,1958-06-26,1991-07-24
28843,Jaber,Karnin,F,1960-06-13,1985-08-31
28887,Atreye,Mellouli,M,1959-07-20,1993-03-30
28898,Kazuhito,Spell,M,1957-09-22,1988-07-04
28941,Froduald,Cichocki,F,1962-11-20,1992-10-14
28982,Heping,Dalton,F,1964-06-10,1989-12-31
28987,Gio,Montemayor,M,1964-03-04,1990-03-17
28999,Alassane,Raczkowsky,F,1963-01-14,1989-07-15
29027,Arnould,Stasinski,M,1956-01-05,1987-04-02
29039,Yurij,Merks,M,1964-05-17,1988-05-29
29078,Feiyu,Ramsak,M,1957-05-15,1987-05-20
29104,DeForest,Validov,F,1952-04-27,1993-03-21
29134,Premsyl,Murrill,M,1959-08-05,1997-03-12
29135,Weiru,Strandh,F,1953-12-09,1989-10-13
29157,Jinxi,Prampolini,F,1964-02-05,1988-04-10
29162,Saddek,Mayerwieser,F,1956-06-23,1986-01-24
29177,Alair,Undy,F,1964-11-18,1992-11-25
29187,Howell,Luff,F,1958-02-12,1988-06-22
29212,Magy,Denis,M,1961-03-04,1999-06-05
29224,Shugo,Peck,F,1958-05-10,1995-04-11
29272,Akhilish,Cools,M,1964-08-01,1996-06-19
29323,Khedija,Pillow,F,1952-09-28,1991-11-15
29335,Hironobu,Cappelli,M,1959-07-18,1991-02-01
29422,Yurij,Yurek,M,1952-10-03,1991-05-04
29448,Nahid,Chappelet,M,1956-10-09,1988-12-01
29478,Constantijn,Terwilliger,M,1956-01-17,1991-07-25
29479,Make,Lampe,M,1952-08-27,1989-02-10
29482,Makato,Schiettecatte,M,1958-06-14,1989-09-22
29504,Kamakshi,Benner,M,1955-04-23,1991-12-01
29534,Tran,Petersohn,F,1954-06-29,1998-10-21
29586,Cullen,Llado,F,1963-05-01,1992-12-16
29611,Hailing,Ellozy,M,1961-03-29,1991-09-03
29687,Leandro,Garnier,M,1952-12-12,1991-04-08
29782,Jouko,Hellwagner,M,1965-01-29,1994-12-21
29786,Paloma,Vrecion,F,1962-02-17,1990-04-17
29834,Youjian,Merro,M,1958-02-20,1985-09-11
29853,Moriyoshi,Perfilyeva,M,1962-01-21,1992-11-24
29860,Premsyl,Ritcey,F,1958-07-08,1995-11-18
29892,Keung,Hebden,F,1955-04-16,1996-02-12
29907,Kokou,Butterworth,F,1961-11-01,1985-07-13
29909,Arvind,Menyhert,M,1952-12-17,1991-11-03
29926,Ung,Marquardt,F,1957-06-16,1985-10-04
29931,Bojan,Gihr,M,1960-11-25,1990-11-13
30003,Takahito,Vilarrasa,M,1952-11-25,1990-08-22
30011,Sverrir,Veevers,M,1961-01-12,1985-12-08
30069,Conal,Morris,F,1957-12-10,1987-07-01
30078,Greger,Thummel,F,1953-11-28,1987-11-16
30085,Emdad,Rothenberg,F,1952-08-20,1994-05-05
30130,Vugranam,Antonakopoulos,M,1960-03-05,1990-12-06
30161,Muzhong,Gimarc,F,1952-07-13,1985-05-13
30216,Tsuneo,Baer,M,1954-05-16,1994-12-10
30230,Teiji,Stenning,M,1956-01-22,1992-09-26
30233,Foong,Straney,F,1957-03-02,1986-08-18
30238,Jasminko,Braunmuhl,M,1957-04-28,1991-04-08
30298,Kerryn,Cardazo,F,1956-09-05,1985-09-14
30333,Feixiong,Chinen,F,1957-06-03,1991-04-12
30363,Dante,Karcich,M,1953-11-05,1991-08-26
30398,Phuoc,Stanger,M,1956-02-13,1994-08-03
30414,Zvonko,Karnin,F,1961-02-16,1998-06-02
30426,Toshimitsu,Morrin,F,1962-04-04,1997-03-04
30436,Zhenhua,Polupanov,M,1960-02-03,1997-02-12
30445,Satoru,Compeau,M,1960-05-14,1992-11-20
30498,Heng,Jervis,M,1954-03-21,1989-04-17
30503,Constantino,Vingron,M,1960-06-27,1994-07-26
30530,LiMin,McFarlan,F,1955-12-01,1985-09-20
30564,Ortrud,Kalloufi,M,1964-03-17,1986-08-27
30564,Ortrud,Kalloufi,M,1964-03-17,1986-08-27
30608,Geoffry,Luks,M,1956-10-09,1998-07-23
30620,Dung,Niizuma,M,1952-11-11,1991-06-03
30667,Taiji,Pews,F,1953-08-30,1989-05-11
30693,Udi,Ponthieu,M,1956-08-29,1989-09-17
30766,Tesuya,Gulak,M,1953-04-27,1989-11-26
30774,Gunilla,Hettesheimer,M,1955-11-07,1989-07-26
30833,Chaoyi,Cichocki,M,1955-03-03,1986-04-14
30836,Sachem,Mitsuhashi,M,1955-09-08,1986-11-27
30844,Aran,Kugler,M,1955-05-03,1995-01-20
30858,Berhard,Kandlur,M,1962-10-18,1990-01-14
30874,Amstein,Luck,F,1957-05-14,1988-10-15
30881,Eric,Glowinski,F,1964-10-25,1988-07-14
30901,Pramod,Rossi,M,1963-05-16,1996-12-18
30908,Guozhong,Dehkordi,M,1958-02-05,1997-12-12
30978,Gunilla,Onuegbe,M,1953-02-23,1995-07-25
30986,Kensei,Matzke,F,1962-10-20,1988-10-28
31010,Gudjon,Papsdorf,M,1958-05-01,1990-10-18
31017,Geoffry,Kitsuregawa,M,1952-09-27,1993-09-30
31018,Pranas,Klerer,M,1958-02-25,1986-07-19
31025,Suebskul,Rijsenbrij,M,1953-04-23,1986-05-26
31120,Ewing,Flasterstein,M,1957-01-19,1992-01-23
31126,Mokhtar,Siegrist,M,1959-07-14,1986-07-28
31133,Salvador,Boyle,F,1957-06-03,1995-04-08
31153,Saddek,Minakawa,F,1964-03-30,1990-08-13
31155,Kwun,Herber,M,1961-08-06,1986-07-12
31163,Caolyn,Sambasivam,M,1958-07-01,1992-09-21
31177,Armond,Picci,F,1957-04-03,1989-05-11
31179,Yifei,Armand,M,1964-09-09,1989-02-01
31186,Muneo,Bahr,F,1960-03-24,1991-08-27
31190,Hairong,Engelmann,M,1961-02-09,1992-09-04
31204,Berry,Murillo,F,1952-07-30,1997-08-26
31215,Constantine,Schaft,F,1954-09-30,1990-07-23
31225,Barry,Kieras,M,1957-10-19,1991-09-08
31245,Woody,Maliniak,M,1964-07-01,1988-10-03
31261,Gudjon,Erdi,M,1964-07-16,1996-07-03
31267,Souichi,Copas,M,1960-12-03,1992-05-05
31278,Chaosheng,Delaune,M,1952-10-24,1998-01-21
31302,Debaprosad,Matzel,M,1959-06-28,1995-01-15
31311,Rosalyn,Lally,F,1956-09-10,1996-12-13
31320,Val,Walston,M,1953-10-21,1994-07-27
31330,Herb,Khasidashvili,M,1958-01-01,1991-03-12
31332,Bouchung,Dymetman,F,1959-04-19,1995-12-02
31345,Toong,Cichocki,F,1960-12-17,1987-01-29
31413,Margareta,Munke,F,1960-05-02,1989-03-30
31444,Aris,Hinsberger,M,1953-06-08,1986-01-08
31479,Gennadi,Taneja,F,1963-12-05,1998-08-30
31492,Dmitri,Lichtman,F,1953-05-04,1989-06-15
31534,LiMin,McAlpine,M,1963-02-24,1989-04-20
31543,Srinidhi,Siksek,F,1955-01-26,1986-09-14
31554,Mitsuyuki,Cochrane,F,1955-05-16,1993-02-10
31591,Radoslaw,Nourani,M,1964-04-09,1985-05-02
31620,Saniya,Etalle,F,1959-09-04,1986-12-24
31672,Faiza,Antonakopoulos,M,1956-01-08,1993-03-30
31694,Nakhoon,Bael,M,1962-08-14,1991-03-04
31723,Ziva,Delaune,M,1955-04-26,1992-02-29
31873,Mads,Demos,M,1960-01-04,1997-10-25
31891,Weiru,Gelosh,M,1960-01-07,1990-10-05
31909,Murthy,Peek,M,1965-01-10,1994-07-19
31919,Alejandro,Toyoshima,F,1961-10-29,1986-01-14
31938,Luerbio,Parascandalo,M,1960-04-12,1988-03-15
31995,Toney,Foote,M,1960-04-14,1995-10-21
32012,Zito,Dratva,F,1960-11-27,1988-04-17
32045,Oscal,Kruskal,M,1962-12-08,1986-09-09
32081,Berhard,Lamba,M,1961-08-14,1996-03-16
32087,Fun,Kuhnemann,M,1961-12-15,1986-08-10
32089,Jianhua,Bardell,M,1953-12-11,1987-11-23
32099,Weiwu,Feldhoffer,F,1957-09-01,1997-05-19
32185,Kinh,DiGiano,F,1964-03-04,1989-07-11
32212,Manton,Zaumen,F,1956-05-13,1985-06-14
32319,Candida,Bhattacharjee,M,1956-12-05,1985-03-31
32327,Divine,Cesareni,M,1964-08-01,1992-09-11
32328,Dekang,Soicher,M,1964-04-22,1989-11-19
32379,Yongqiao,Vingron,M,1956-06-14,1995-01-23
32379,Yongqiao,Vingron,M,1956-06-14,1995-01-23
32410,Geraldo,Jenevein,M,1955-11-27,1985-03-29
32428,Subhada,Senzako,M,1958-04-07,1994-09-06
32439,Abdelghani,Karner,M,1952-09-29,1986-07-19
32463,Woody,Anandan,M,1962-12-03,1989-06-23
32478,Hatim,Reistad,F,1958-03-28,1987-12-05
32502,Yoshinari,Antonisse,M,1960-01-07,1992-10-02
32504,Teunis,Benaini,F,1958-09-29,1999-04-17
32515,Branimir,Attimonelli,F,1955-02-15,1993-09-17
32560,Yonghoan,Bhattacharjee,M,1962-12-22,1997-07-14
32575,Leif,Serdy,M,1956-11-20,1998-12-31
32591,Dipayan,Ranze,F,1962-12-02,1986-04-19
32595,Magy,Ghemri,F,1954-09-05,1991-03-17
32642,Danel,Garigliano,M,1954-01-08,1985-09-02
32669,Tooru,Fordan,M,1957-09-15,1988-05-26
32763,Ronghao,Picci,F,1960-03-25,1992-08-14
32784,Falguni,Pepe,M,1956-06-19,1990-09-20
32788,Zhaofang,Janetzko,F,1958-10-01,1999-10-29
32821,Zhonghua,Guardalben,F,1958-08-23,1986-05-06
32829,Yuchang,Pouyioutas,M,1957-09-06,1994-02-09
32902,Mokhtar,Suessmith,F,1961-05-06,1985-02-26
32922,Oguz,Plump,M,1959-05-20,1993-08-17
32940,Mabry,Onuegbe,M,1954-04-11,1991-02-14
32996,Pranjal,Mondadori,M,1959-03-08,1992-07-16
33022,Yechezkel,Pardalos,M,1957-07-11,1992-04-26
33032,Heping,Hasham,M,1964-11-20,1991-10-06
33032,Heping,Hasham,M,1964-11-20,1991-10-06
33041,Doowon,Birdsall,M,1953-04-16,1996-11-15
33073,Duro,Bade,M,1962-12-07,1986-09-07
33103,Horward,Huttel,M,1958-01-27,1990-08-14
33112,Martine,Pokrovskii,F,1953-03-03,1985-03-16
33117,Masoud,Guting,M,1952-02-26,1989-05-18
33136,Leandro,Alameldin,M,1958-02-14,1994-06-29
33160,Conrado,Eiron,M,1964-09-25,1992-07-05
33275,Masaru,Ramalingam,F,1961-06-27,1991-01-31
33293,Adamantios,Vanwelkenhuysen,M,1965-02-01,1987-12-12
33364,Stella,Plump,F,1955-01-08,1995-11-12
33389,Kristine,Kabayashi,M,1956-02-28,1998-01-06
33390,Sarita,Walstra,F,1961-11-22,1990-04-22
33396,Pascal,Stassinopoulos,M,1961-04-11,1990-08-30
33398,Sudharsan,Bratten,F,1959-02-16,1986-10-15
33429,Barton,Birsak,M,1953-08-06,1994-01-19
33453,Marek,Birdsall,M,1957-10-07,1985-04-04
33480,Horward,Rubsam,M,1964-02-20,1998-03-13
33502,Jeanna,Swiss,F,1957-05-11,1991-08-12
33513,Poornachandra,Tsunoo,M,1958-10-04,1995-07-25
33546,Raimond,Thorelli,M,1953-02-06,1995-07-04
33554,Kazuhiko,Bottner,M,1962-08-09,1986-09-04
33576,Serif,Rodite,F,1954-02-27,1987-10-14
33600,Tuval,Dayana,M,1962-03-24,1985-10-09
33602,Weiru,Krone,M,1954-03-30,1985-07-27
33611,Snehasis,Picco,F,1958-06-11,1990-12-30
33632,Yechezkel,Haddadi,M,1953-10-17,1992-11-11
33640,Marjo,Perz,M,1956-10-31,1985-04-10
33676,Poornachandra,Akazan,M,1964-01-05,1991-11-16
33707,Arunachalam,Vendrig,F,1957-06-23,1995-12-22
33753,Tsutomu,Lundstrom,M,1960-03-23,1997-06-02
33760,Franziska,Salvesen,M,1952-12-28,1995-01-16
33804,Kiyomitsu,Nooteboom,F,1960-11-26,1997-03-01
33861,Diederik,Neimat,M,1953-05-26,1993-03-26
33868,Oksana,Strehl,M,1955-02-11,1991-08-02
33869,Masato,Lukaszewicz,F,1959-11-12,1994-01-09
33888,Jouni,Brodie,M,1961-10-16,1992-08-14
33953,Fayez,Hainaut,M,1958-03-04,1990-10-01
33963,Kersti,Bratten,M,1955-03-26,1995-05-04
33979,Saeko,Worfolk,F,1961-08-05,1999-04-04
33999,Mohit,Jahnichen,M,1952-09-09,1991-01-22
34002,Rafail,Toyoshima,F,1960-07-10,1996-12-19
34037,Mitsuyuki,Herbst,F,1952-10-16,1992-09-11
34095,Miomir,Kranzdorf,M,1960-09-24,1985-09-21
34107,Zejun,Ramaiah,F,1955-03-12,1985-05-22
34110,Chaosheng,Matzke,F,1954-09-05,1987-05-13
34120,Leandro,Businaro,M,1954-04-18,1996-11-14
34163,Zorica,Isaak,F,1954-08-17,1994-07-14
34254,Moon,Marletta,F,1952-04-16,1986-06-15
34263,Monique,Clemencon,F,1961-12-29,1986-08-13
34272,Krisda,Fraisse,M,1955-06-16,1993-03-04
34276,Miomir,Steinauer,F,1960-04-04,1985-10-15
34318,Marko,Rande,F,1960-08-31,1995-06-16
34395,Mads,Sessa,F,1953-01-27,1989-05-04
34410,Miomir,Angot,F,1963-07-11,1994-03-03
34421,Hsiangchu,Journel,M,1956-08-27,1988-12-10
34433,Kien,Gyorkos,M,1954-11-06,1989-06-04
34445,Yuichiro,Schnabel,F,1963-06-06,1990-07-15
34459,Zhonghui,Swist,M,1958-08-10,1990-08-07
34465,Marek,Unni,F,1964-07-19,1995-11-05
34475,Shawna,Snedden,F,1962-12-17,1988-08-30
34501,Geoffry,Plesums,F,1959-09-29,1992-02-04
34539,Taiji,Oskamp,M,1953-04-17,1998-09-14
34585,Mads,Broomell,M,1955-07-05,1995-11-22
34590,Ranga,Glowinski,M,1958-07-04,1985-07-28
34621,Jasminko,Munch,M,1956-05-31,1993-07-17
34628,Mads,Shiratori,M,1963-12-25,1991-05-03
34668,Sachin,Szemeredi,F,1956-04-04,1995-07-07
34700,Raimond,Syrzycki,M,1958-09-17,1986-04-17
34718,Dmitri,Pesch,F,1960-06-28,1987-12-19
34736,Rosli,Gerlach,F,1960-09-08,1995-10-29
34824,Tadahiro,Pavlopoulou,M,1964-05-06,1987-07-01
34831,Poornachandra,Haldar,M,1953-09-28,1986-11-28
34837,Chandrasekaran,Bamford,F,1956-05-11,1992-08-18
34889,Diederik,Haumacher,M,1959-11-22,1993-08-04
34895,Przemyslawa,Crouzet,M,1956-06-29,1996-07-30
34902,Shunichi,Grospietsch,F,1957-02-13,1985-08-21
34903,Chinho,Servi,F,1964-05-01,1992-07-12
34912,DeForest,Meriste,F,1955-02-24,1992-05-08
34941,Susanne,Heering,M,1954-05-04,1986-08-22
35013,Yechiam,Bisiani,M,1962-07-15,1993-03-24
35035,Shin,Krupka,F,1957-11-10,1991-11-17
35055,Weiwu,Erdi,F,1964-11-04,1991-05-23
35082,Xuedong,Smeets,M,1956-05-03,1987-01-09
35111,Subbu,Schapire,M,1961-11-22,1995-09-13
35116,Geoffry,Chenney,F,1957-11-28,1995-05-15
35156,Erez,Kuhnemann,M,1953-02-03,1989-01-06
35159,Mohammad,Demke,M,1953-07-04,1988-06-27
35177,Barna,Douceur,M,1964-08-26,1991-03-20
35267,Arnould,Chinal,M,1955-02-07,1994-03-17
35272,Deniz,Strehl,F,1956-08-09,1995-10-20
35291,Shushma,Marsiglia,F,1959-02-08,1991-08-18
35343,Peternela,Ratzlaff,F,1963-02-06,1987-09-06
35345,Divier,Tiemann,M,1958-01-19,1986-01-06
35385,Jaihie,Massonet,M,1960-09-02,1988-01-22
35411,Billie,Rohrbach,M,1955-07-22,1992-07-02
35432,Chenyi,Willoner,F,1956-12-11,1995-02-28
35447,Gully,Kemmerer,M,1957-12-08,1989-05-23
35492,Nishit,Oberman,M,1961-05-01,1987-10-12
35588,Deniz,Gornas,M,1957-12-07,1993-06-14
35593,Radhika,Falster,F,1964-11-25,1998-03-13
35614,Brigham,Ecklund,M,1953-10-07,1990-03-18
35657,Gian,Vidal,F,1954-04-06,1989-02-25
35675,Huai,Panwar,F,1953-01-03,1986-08-13
35690,Khedija,Gluchowski,M,1961-09-18,1988-11-12
35766,Huiqun,Massonet,M,1964-06-14,1988-01-30
35773,Dharmaraja,Hartvigsen,M,1961-12-20,1987-06-08
35922,Luisa,Marsiglia,M,1960-12-20,1989-09-02
35961,Kwok,McClurg,M,1961-01-28,1992-03-02
35987,Wuxu,Bala,M,1960-07-09,1990-12-01
35989,Dmitri,Crelier,F,1955-07-11,1987-08-20
35992,Akemi,Gadepally,M,1953-02-12,1998-02-24
36041,Hugo,Rodite,M,1963-10-04,1994-12-18
36066,Aruna,Poujol,M,1953-06-04,1997-01-30
36098,Hailing,Garnier,M,1958-06-13,1988-11-16
36100,Tomofumi,Bazzichi,M,1959-06-17,1985-02-22
36210,Franziska,Zhang,M,1963-11-21,1990-06-28
36215,Fabrizio,Pietracaprina,M,1959-09-17,1990-08-11
36269,Odysseas,Bale,M,1953-04-05,1988-01-07
36273,Halsur,Randi,M,1956-02-22,1993-01-18
36310,Manibrata,Anger,F,1956-06-07,1986-04-21
36401,Leif,Conte,M,1956-12-13,1990-03-17
36480,Armond,Pocchiola,M,1955-06-03,1992-03-05
36527,Kersti,Joslin,F,1962-09-17,1995-08-20
36555,Takahiro,Rothenberg,M,1953-07-31,1987-11-06
36571,Taegyun,Baar,M,1957-12-12,1991-05-03
36609,Sangeeta,Axelband,M,1957-12-03,1985-02-18
36659,Shir,Oppitz,F,1961-04-07,1994-06-14
36662,Dhritiman,Bennet,M,1958-04-07,1985-06-01
36670,Hyuckchul,Fiutem,M,1957-12-24,1997-04-02
36706,Florian,Camarinopoulos,M,1954-02-06,1991-08-20
36714,Morris,Pell,M,1956-09-30,1993-09-02
36796,Kellyn,Puoti,F,1959-07-09,1996-02-18
36845,Jasminko,Gulak,F,1954-12-09,1990-08-28
36861,Haldon,Luiz,M,1955-07-19,1995-07-28
36880,Dzung,Setlzner,M,1954-09-19,1986-11-02
36905,Branimir,Griswold,F,1959-12-29,1992-11-30
36913,Shahaf,Fordan,M,1958-06-22,1988-02-20
36929,Moni,Angelopoulos,M,1961-08-23,1988-03-30
36956,Ulises,Marciano,M,1954-09-11,1994-06-09
37085,Carrsten,Swift,F,1960-01-24,1991-08-18
37140,Danel,Quittner,M,1960-04-16,1997-02-26
37183,Sachar,Kilgour,M,1963-03-11,1987-10-08
37191,Elzbieta,Castellani,F,1964-10-21,1993-07-12
37195,Akeel,Spell,M,1957-02-10,1992-10-13
37217,Nathalie,Luit,M,1952-09-12,1986-01-05
37221,Vishv,Michaeli,F,1957-11-13,1987-05-08
37250,Chrisa,Argence,M,1962-04-04,1987-07-20
37300,Arun,Picel,M,1957-09-16,1997-05-01
37385,Mohan,Vesel,M,1958-11-25,1987-03-31
37419,Danil,Bahl,M,1962-05-15,1995-01-13
37475,Lein,Rando,M,1955-05-10,1990-05-07
37477,Byong,Babu,F,1963-01-22,1985-10-09
37672,Shin,Gronowski,M,1955-07-25,1987-07-09
37849,Jayesh,Maginnis,M,1954-06-22,1988-03-04
37878,Ayakannu,Dayang,M,1959-06-23,1993-04-06
37901,Subhankar,Ashish,F,1962-11-08,1997-09-05
37922,Martial,Maierhofer,M,1962-11-23,1986-03-22
37967,Piyawadee,Buchter,F,1959-07-16,1988-02-26
37977,Nahid,Scallan,F,1955-11-11,1985-05-31
37983,Georgy,Naudin,F,1957-01-10,1987-12-28
37998,Mori,Awdeh,M,1961-03-20,1988-05-20
38054,Fumiya,Ranon,F,1957-04-22,1996-10-02
38095,Soenke,Beetstra,F,1963-05-08,1985-09-24
38145,Nobuyoshi,Munos,M,1955-02-24,1985-09-01
38155,Anestis,Schwartzbauer,M,1961-09-21,1987-05-02
38165,Tsvetan,Alblas,F,1959-03-18,1987-12-01
38167,Wuxu,Eickenmeyer,M,1960-01-19,1989-05-31
38182,Rosita,Polupanov,M,1962-11-22,1994-03-22
38202,Fei,Papsdorf,F,1956-06-17,1994-09-07
38206,Ugo,Jeansoulin,F,1962-05-25,1986-01-15
